<?xml version = '1.0' encoding = 'UTF-8'?>
<Diagram class="oracle.dbtools.crest.swingui.relational.DPVRelational" name="dd" id="39B2FDFC-8663-E766-0367-9BB80B61E09D">
<createdBy>bcarter</createdBy>
<modifiedBy>bcarter</modifiedBy>
<createdTime>2015-07-15 22:14:47 UTC</createdTime>
<autoRoute>false</autoRoute>
<boxInbox>true</boxInbox>
<showLegend>false</showLegend>
<showLabels>false</showLabels>
<showRelAttributes>false</showRelAttributes>
<gridEnabled>false</gridEnabled>
<showGrid>false</showGrid>
<diagramColor>-1</diagramColor>
<display>false</display>
<notation>1</notation>
<objectViews>
<OView class="oracle.dbtools.crest.swingui.relational.TVTable" oid="27E6D053-7914-B5D2-28F9-D45AB49C5F3B" otype="Table" vid="D454E8E9-536E-BD66-987A-66F260AA2290">
<hideElementsInCurrentOnly>false</hideElementsInCurrentOnly>
<bounds x="1071" y="575" width="298" height="165"/>
</OView>
<OView class="oracle.dbtools.crest.swingui.relational.TVTable" oid="48FA3282-8A3D-E092-7391-FD0D45A2B930" otype="Table" vid="4CB3B9CC-28B6-0589-784E-6B4F151002FC">
<hideElementsInCurrentOnly>false</hideElementsInCurrentOnly>
<bounds x="20" y="306" width="297" height="268"/>
</OView>
<OView class="oracle.dbtools.crest.swingui.relational.TVView" oid="67E76BC1-5C06-A954-BC11-F7750674DB9C" otype="View" vid="6E050788-5051-DDD3-66A2-60FD98CF0481">
<hideElementsInCurrentOnly>false</hideElementsInCurrentOnly>
<bounds x="1413" y="765" width="241" height="57"/>
</OView>
<OView class="oracle.dbtools.crest.swingui.relational.TVTable" oid="90012F40-2124-4A7E-6CD5-74B6650E61E7" otype="Table" vid="E5C82F7E-58D1-92EB-F8C2-121D318E92AE">
<hideElementsInCurrentOnly>false</hideElementsInCurrentOnly>
<bounds x="1077" y="765" width="272" height="55"/>
</OView>
<OView class="oracle.dbtools.crest.swingui.relational.TVView" oid="92DC2D72-8FEF-8FFD-343F-5A717670704A" otype="View" vid="5CB32EBD-F769-D1FC-5EFA-2A1F4410FAA4">
<hideElementsInCurrentOnly>false</hideElementsInCurrentOnly>
<bounds x="1406" y="575" width="267" height="127"/>
</OView>
<OView class="oracle.dbtools.crest.swingui.relational.TVView" oid="AD01F3AC-2805-C239-C66D-F7BC26386326" otype="View" vid="3A021ECB-4D7C-7C27-25C5-E2722AB638D2">
<hideElementsInCurrentOnly>false</hideElementsInCurrentOnly>
<bounds x="739" y="625" width="257" height="211"/>
</OView>
<OView class="oracle.dbtools.crest.swingui.relational.TVTable" oid="B8AACC52-5C08-662F-288B-53504751F5A0" otype="Table" vid="4273474B-C2AB-44D9-F6D1-CB746A541A6B">
<hideElementsInCurrentOnly>false</hideElementsInCurrentOnly>
<bounds x="20" y="17" width="293" height="226"/>
</OView>
<OView class="oracle.dbtools.crest.swingui.relational.TVTable" oid="CD3D013C-A0A5-CD32-4FBB-40361DB6A426" otype="Table" vid="5CA8B715-8329-3733-5177-1A8B5DCA1F3B">
<hideElementsInCurrentOnly>false</hideElementsInCurrentOnly>
<bounds x="20" y="625" width="267" height="262"/>
</OView>
<OView class="oracle.dbtools.crest.swingui.relational.TVTable" oid="D4BDD585-C34B-A490-DB5B-C9DF983A22C3" otype="Table" vid="014156FD-2E85-F3FD-C2F1-69D028E3BB11">
<hideElementsInCurrentOnly>false</hideElementsInCurrentOnly>
<bounds x="397" y="306" width="325" height="178"/>
</OView>
<OView class="oracle.dbtools.crest.swingui.relational.TVView" oid="E5B44BE3-E893-4BA6-B1B1-B8BABC72C35F" otype="View" vid="3969E842-24F5-9D14-85E6-AE364083DDA3">
<hideElementsInCurrentOnly>false</hideElementsInCurrentOnly>
<bounds x="739" y="17" width="262" height="155"/>
</OView>
<OView class="oracle.dbtools.crest.swingui.relational.TVView" oid="EE388570-08BB-E1D0-1382-89BF22060AE1" otype="View" vid="E8F74AF2-51DA-5512-7211-A902719BACFB">
<hideElementsInCurrentOnly>false</hideElementsInCurrentOnly>
<bounds x="1081" y="306" width="295" height="141"/>
</OView>
<OView class="oracle.dbtools.crest.swingui.relational.TVView" oid="F43115B8-FC8B-169E-9839-A94D63B5A40A" otype="View" vid="85152635-EC2B-9F42-FCF6-4E79BB8B6379">
<hideElementsInCurrentOnly>false</hideElementsInCurrentOnly>
<bounds x="739" y="306" width="266" height="169"/>
</OView>
</objectViews>
<connectors>
<Connector class="oracle.dbtools.crest.swingui.relational.TVFKRelation" oid="5D2BBEBC-F672-F2A3-9F8D-4799741BA657" otype="FKIndexAssociation" vid_source="5CA8B715-8329-3733-5177-1A8B5DCA1F3B" vid_target="4CB3B9CC-28B6-0589-784E-6B4F151002FC">
<hideElementsInCurrentOnly>false</hideElementsInCurrentOnly>
<lineWidth>1</lineWidth>
<points>
<point x="153" y="625"/>
<point x="153" y="574"/>
</points>
</Connector>
<Connector class="oracle.dbtools.crest.swingui.relational.TVFKRelation" oid="9484E3C0-96AF-7E1A-45E6-060D2C6421A4" otype="FKIndexAssociation" vid_source="4CB3B9CC-28B6-0589-784E-6B4F151002FC" vid_target="4273474B-C2AB-44D9-F6D1-CB746A541A6B">
<hideElementsInCurrentOnly>false</hideElementsInCurrentOnly>
<lineWidth>1</lineWidth>
<points>
<point x="166" y="306"/>
<point x="166" y="243"/>
</points>
</Connector>
<Connector class="oracle.dbtools.crest.swingui.relational.TVFKRelation" oid="A5933E41-3FA3-51AA-4013-5621B382E4E4" otype="FKIndexAssociation" vid_source="4CB3B9CC-28B6-0589-784E-6B4F151002FC" vid_target="4273474B-C2AB-44D9-F6D1-CB746A541A6B">
<hideElementsInCurrentOnly>false</hideElementsInCurrentOnly>
<lineWidth>1</lineWidth>
<points>
<point x="176" y="306"/>
<point x="176" y="243"/>
</points>
</Connector>
<Connector class="oracle.dbtools.crest.swingui.relational.TVFKRelation" oid="C156F408-4176-CCAA-F96D-F0D30DB3FC01" otype="FKIndexAssociation" vid_source="014156FD-2E85-F3FD-C2F1-69D028E3BB11" vid_target="4CB3B9CC-28B6-0589-784E-6B4F151002FC">
<hideElementsInCurrentOnly>false</hideElementsInCurrentOnly>
<lineWidth>1</lineWidth>
<points>
<point x="397" y="395"/>
<point x="317" y="395"/>
</points>
</Connector>
</connectors>
</Diagram>