<?xml version = '1.0' encoding = 'UTF-8'?>
<TableSpaceOraclev10g class="oracle.dbtools.crest.model.design.storage.oracle.v10g.TableSpaceOraclev10g" name="USERS" directorySegmentName="seg_0" id="6687405F-7C48-BFA1-6E37-51B86C044F93">
<sourceConnName>dd</sourceConnName>
<sourceObjSchema>DD</sourceObjSchema>
<sourceObjName>USERS</sourceObjName>
<createdBy>bcarter</createdBy>
<createdTime>2015-07-15 22:14:49 UTC</createdTime>
<ownerDesignName>dd_schema_data_model</ownerDesignName>
<emUniformSize>0</emUniformSize>
<extentManagement>LOCAL</extentManagement>
</TableSpaceOraclev10g>