<?xml version = '1.0' encoding = 'UTF-8'?>
<TableProxyOraclev12c class="oracle.dbtools.crest.model.design.storage.oracle.v12c.TableProxyOraclev12c" name="DD_TEMPLATES_T" directorySegmentName="seg_0" id="27E6D053-7914-B5D2-28F9-D45AB49C5F3B">
<createdBy>bcarter</createdBy>
<createdTime>2015-07-15 22:14:55 UTC</createdTime>
<ownerDesignName>dd_schema_data_model</ownerDesignName>
<schemaObject>929E04B3-5639-4CF1-A7D1-FC63873D31F0</schemaObject>
<logging>YES</logging>
<partitionedRowMovement>DISABLE</partitionedRowMovement>
<segment>F2E1544E-1E08-6438-55CD-18B51E0D8237</segment>
<tableSpace>6687405F-7C48-BFA1-6E37-51B86C044F93</tableSpace>
<temporaryChanged>false</temporaryChanged>
<accessDriverType>oracle_loader</accessDriverType>
<rejectLimit></rejectLimit>
<inMemory>NO</inMemory>
<columnProxies itemClass="oracle.dbtools.crest.model.design.storage.oracle.v12c.ColumnProxyOraclev12c">
<ColumnProxy name="TEMPLATE_ID" id="12161E16-1A47-1A73-A38B-8C258FE33F89">
<createdBy>bcarter</createdBy>
<createdTime>2015-07-15 22:15:04 UTC</createdTime>
<ownerDesignName>dd_schema_data_model</ownerDesignName>
<autoIncrementDDL>IDENTITY_CLAUSE</autoIncrementDDL>
</ColumnProxy>
<ColumnProxy name="CHANGED_BY" id="1BCB5414-7B71-7619-2159-E426B22C7460">
<createdBy>bcarter</createdBy>
<createdTime>2015-07-15 22:15:04 UTC</createdTime>
<ownerDesignName>dd_schema_data_model</ownerDesignName>
</ColumnProxy>
<ColumnProxy name="CHANGED_ON" id="1DCEAE3C-BC81-D3A6-7E90-3E9D84CAD1ED">
<createdBy>bcarter</createdBy>
<createdTime>2015-07-15 22:15:04 UTC</createdTime>
<ownerDesignName>dd_schema_data_model</ownerDesignName>
</ColumnProxy>
<ColumnProxy name="CREATED_ON" id="20CEE57A-38DA-71E6-21C7-8C2DB84F8C10">
<createdBy>bcarter</createdBy>
<createdTime>2015-07-15 22:15:04 UTC</createdTime>
<ownerDesignName>dd_schema_data_model</ownerDesignName>
</ColumnProxy>
<ColumnProxy name="CREATED_BY" id="27034EEF-E516-39E5-76C2-4DC7BF56B827">
<createdBy>bcarter</createdBy>
<createdTime>2015-07-15 22:15:04 UTC</createdTime>
<ownerDesignName>dd_schema_data_model</ownerDesignName>
</ColumnProxy>
<ColumnProxy name="TEMPLATE_CONTENTS" id="F3E5222F-53E7-0311-21B1-DC234AD0B427">
<createdBy>bcarter</createdBy>
<createdTime>2015-07-15 22:15:04 UTC</createdTime>
<ownerDesignName>dd_schema_data_model</ownerDesignName>
</ColumnProxy>
<ColumnProxy name="TEMPLATE_NAME" id="F589605C-74C7-6935-8969-3D9CA10285B1">
<createdBy>bcarter</createdBy>
<createdTime>2015-07-15 22:15:04 UTC</createdTime>
<ownerDesignName>dd_schema_data_model</ownerDesignName>
</ColumnProxy>
</columnProxies>
<indexProxies>
<IndexProxy class="oracle.dbtools.crest.model.design.storage.oracle.v10g.IndexProxyOraclev10g" name="DD_TEMPLATES" id="58C51B15-A540-71EC-F989-556382B4846F">
<createdBy>bcarter</createdBy>
<createdTime>2015-07-15 22:15:08 UTC</createdTime>
<ownerDesignName>dd_schema_data_model</ownerDesignName>
<schemaObject>929E04B3-5639-4CF1-A7D1-FC63873D31F0</schemaObject>
<segment>2DF8BD59-1ADA-4BB6-E75F-6DD233910CFB</segment>
<tableSpace>6687405F-7C48-BFA1-6E37-51B86C044F93</tableSpace>
</IndexProxy>
</indexProxies>
<lobStorages>
<LobStorage class="oracle.dbtools.crest.model.design.storage.oracle.v11g.LobStorageOraclev11g" name="SYS_LOB0000101021C00003$$" id="DA45DB9B-AAF2-356E-0343-C69940A8DB68">
<createdBy>bcarter</createdBy>
<createdTime>2015-07-15 22:15:13 UTC</createdTime>
<ownerDesignName>dd_schema_data_model</ownerDesignName>
<cache>NOCACHE</cache>
<chunk>8192</chunk>
<column>TEMPLATE_CONTENTS</column>
<compression>NO</compression>
<duplication>KEEP_DUPLICATES</duplication>
<logging>YES</logging>
<tableSpace>6687405F-7C48-BFA1-6E37-51B86C044F93</tableSpace>
<lobStorageType>SECUREFILE</lobStorageType>
</LobStorage>
</lobStorages>
<primaryKeys>
<PrimaryKey class="oracle.dbtools.crest.model.design.storage.oracle.v10g.PKProxyOraclev10g" name="DD_TEMPLATES" id="00CD0144-1EDF-A544-905B-9B2AA83DE9DF">
<createdBy>bcarter</createdBy>
<createdTime>2015-07-15 22:15:11 UTC</createdTime>
<ownerDesignName>dd_schema_data_model</ownerDesignName>
<segment>2DF8BD59-1ADA-4BB6-E75F-6DD233910CFB</segment>
<tableSpace>6687405F-7C48-BFA1-6E37-51B86C044F93</tableSpace>
<existingIndex>58C51B15-A540-71EC-F989-556382B4846F</existingIndex>
<indexSegment>2DF8BD59-1ADA-4BB6-E75F-6DD233910CFB</indexSegment>
<indexSort>SORTED</indexSort>
<usingIndex>BY INDEX NAME</usingIndex>
</PrimaryKey>
</primaryKeys>
</TableProxyOraclev12c>