<?xml version = '1.0' encoding = 'UTF-8'?>
<TableProxyOraclev12c class="oracle.dbtools.crest.model.design.storage.oracle.v12c.TableProxyOraclev12c" name="DD_MEMBERS_T" directorySegmentName="seg_0" id="48FA3282-8A3D-E092-7391-FD0D45A2B930">
<createdBy>bcarter</createdBy>
<createdTime>2015-07-15 22:14:52 UTC</createdTime>
<ownerDesignName>dd_schema_data_model</ownerDesignName>
<schemaObject>929E04B3-5639-4CF1-A7D1-FC63873D31F0</schemaObject>
<logging>YES</logging>
<partitionedRowMovement>DISABLE</partitionedRowMovement>
<segment>1B841945-88FA-3D64-7622-FEE361086B2D</segment>
<tableSpace>6687405F-7C48-BFA1-6E37-51B86C044F93</tableSpace>
<temporaryChanged>false</temporaryChanged>
<accessDriverType>oracle_loader</accessDriverType>
<rejectLimit></rejectLimit>
<inMemory>NO</inMemory>
<columnProxies itemClass="oracle.dbtools.crest.model.design.storage.oracle.v12c.ColumnProxyOraclev12c">
<ColumnProxy name="CHANGED_ON" id="06E836D7-CA69-70C1-0058-B60032AA8E4C">
<createdBy>bcarter</createdBy>
<createdTime>2015-07-15 22:15:01 UTC</createdTime>
<ownerDesignName>dd_schema_data_model</ownerDesignName>
</ColumnProxy>
<ColumnProxy name="CHANGED_BY" id="5ED05C60-C16A-7358-0EF0-9D24BC7E4A88">
<createdBy>bcarter</createdBy>
<createdTime>2015-07-15 22:15:01 UTC</createdTime>
<ownerDesignName>dd_schema_data_model</ownerDesignName>
</ColumnProxy>
<ColumnProxy name="DINO_NAME" id="86B8CA8D-0601-31B8-2FB6-88F9484664F0">
<createdBy>bcarter</createdBy>
<createdTime>2015-07-15 22:15:01 UTC</createdTime>
<ownerDesignName>dd_schema_data_model</ownerDesignName>
</ColumnProxy>
<ColumnProxy name="MEMBER_ID" id="8F32494F-8E23-79DE-D8E1-401631F4E7F6">
<createdBy>bcarter</createdBy>
<createdTime>2015-07-15 22:15:01 UTC</createdTime>
<ownerDesignName>dd_schema_data_model</ownerDesignName>
<autoIncrementDDL>IDENTITY_CLAUSE</autoIncrementDDL>
</ColumnProxy>
<ColumnProxy name="CREATED_BY" id="91866E22-D545-5020-129D-7045F5019481">
<createdBy>bcarter</createdBy>
<createdTime>2015-07-15 22:15:01 UTC</createdTime>
<ownerDesignName>dd_schema_data_model</ownerDesignName>
</ColumnProxy>
<ColumnProxy name="ABOUT_YOURSELF" id="97069B44-ED8B-2887-1228-54E55BF59B80">
<createdBy>bcarter</createdBy>
<createdTime>2015-07-15 22:15:01 UTC</createdTime>
<ownerDesignName>dd_schema_data_model</ownerDesignName>
</ColumnProxy>
<ColumnProxy name="CREATED_ON" id="BBDF1634-E294-B49F-01F7-52C8A6B70575">
<createdBy>bcarter</createdBy>
<createdTime>2015-07-15 22:15:01 UTC</createdTime>
<ownerDesignName>dd_schema_data_model</ownerDesignName>
</ColumnProxy>
<ColumnProxy name="DINOSAUR_ID" id="BD163158-6031-82A5-9A2F-2D4E2BA0DBBD">
<createdBy>bcarter</createdBy>
<createdTime>2015-07-15 22:15:01 UTC</createdTime>
<ownerDesignName>dd_schema_data_model</ownerDesignName>
</ColumnProxy>
<ColumnProxy name="LOCATION_ID" id="E6536BFC-F6CA-6FD1-8D25-CF51C630FDA9">
<createdBy>bcarter</createdBy>
<createdTime>2015-07-15 22:15:01 UTC</createdTime>
<ownerDesignName>dd_schema_data_model</ownerDesignName>
</ColumnProxy>
<ColumnProxy name="SUBSCRIPTION_STATUS" id="EAC0F758-1BC1-8948-A65F-39E779E98C9B">
<createdBy>bcarter</createdBy>
<createdTime>2015-07-15 22:15:01 UTC</createdTime>
<ownerDesignName>dd_schema_data_model</ownerDesignName>
<defaultValue>&apos;P&apos;</defaultValue>
</ColumnProxy>
</columnProxies>
<indexProxies>
<IndexProxy class="oracle.dbtools.crest.model.design.storage.oracle.v10g.IndexProxyOraclev10g" name="DD_MEMBERS" id="73A0A3FB-4281-2BE8-467E-EDEED04B29A3">
<createdBy>bcarter</createdBy>
<createdTime>2015-07-15 22:15:08 UTC</createdTime>
<ownerDesignName>dd_schema_data_model</ownerDesignName>
<schemaObject>929E04B3-5639-4CF1-A7D1-FC63873D31F0</schemaObject>
<segment>06B98E07-31FB-CA79-8820-EE530FC36745</segment>
<tableSpace>6687405F-7C48-BFA1-6E37-51B86C044F93</tableSpace>
</IndexProxy>
<IndexProxy class="oracle.dbtools.crest.model.design.storage.oracle.v10g.IndexProxyOraclev10g" name="DD_FT_MEMBERS" id="A78AD0CF-795C-46F3-6046-E9EAF506229A">
<createdBy>bcarter</createdBy>
<createdTime>2015-07-15 22:15:08 UTC</createdTime>
<ownerDesignName>dd_schema_data_model</ownerDesignName>
<schemaObject>929E04B3-5639-4CF1-A7D1-FC63873D31F0</schemaObject>
<indexDomainParameters>&lt;br/&gt;  datastore      dino_ds&lt;br/&gt;  section group  dino_sg&lt;br/&gt;  lexer          dino_lx&lt;br/&gt;  stoplist       ctxsys.empty_stoplist&lt;br/&gt;  memory 500M&lt;br/&gt;</indexDomainParameters>
<indexType>CTXSYS.CONTEXT</indexType>
<segment>BE6FCE05-6158-A482-B47F-632837BEBE1D</segment>
<tableSpace>6687405F-7C48-BFA1-6E37-51B86C044F93</tableSpace>
</IndexProxy>
</indexProxies>
<foreignKeys>
<ForeignKey class="oracle.dbtools.crest.model.design.storage.oracle.v10g.FKProxyOraclev10g" name="FK_DD_MEMBERS_D" id="84B6A345-3F72-2B3E-A76A-455A7B817BAA">
<createdBy>bcarter</createdBy>
<createdTime>2015-07-15 22:15:23 UTC</createdTime>
<ownerDesignName>dd_schema_data_model</ownerDesignName>
</ForeignKey>
<ForeignKey class="oracle.dbtools.crest.model.design.storage.oracle.v10g.FKProxyOraclev10g" name="FK_DD_MEMBERS_L" id="EEA26513-049B-E56B-6D86-D8D7C1637645">
<createdBy>bcarter</createdBy>
<createdTime>2015-07-15 22:15:23 UTC</createdTime>
<ownerDesignName>dd_schema_data_model</ownerDesignName>
</ForeignKey>
</foreignKeys>
<lobStorages>
<LobStorage class="oracle.dbtools.crest.model.design.storage.oracle.v11g.LobStorageOraclev11g" name="SYS_LOB0000100998C00005$$" id="397E4702-CA9D-C656-B8A1-C18C66ED3414">
<createdBy>bcarter</createdBy>
<createdTime>2015-07-15 22:15:13 UTC</createdTime>
<ownerDesignName>dd_schema_data_model</ownerDesignName>
<cache>NOCACHE</cache>
<chunk>8192</chunk>
<column>ABOUT_YOURSELF</column>
<compression>NO</compression>
<duplication>KEEP_DUPLICATES</duplication>
<logging>YES</logging>
<tableSpace>6687405F-7C48-BFA1-6E37-51B86C044F93</tableSpace>
<lobStorageType>SECUREFILE</lobStorageType>
</LobStorage>
</lobStorages>
<primaryKeys>
<PrimaryKey class="oracle.dbtools.crest.model.design.storage.oracle.v10g.PKProxyOraclev10g" name="DD_MEMBERS" id="BC49756B-422C-81E8-FF28-227B3D7B72D8">
<createdBy>bcarter</createdBy>
<createdTime>2015-07-15 22:15:10 UTC</createdTime>
<ownerDesignName>dd_schema_data_model</ownerDesignName>
<segment>06B98E07-31FB-CA79-8820-EE530FC36745</segment>
<tableSpace>6687405F-7C48-BFA1-6E37-51B86C044F93</tableSpace>
<existingIndex>73A0A3FB-4281-2BE8-467E-EDEED04B29A3</existingIndex>
<indexSegment>06B98E07-31FB-CA79-8820-EE530FC36745</indexSegment>
<indexSort>SORTED</indexSort>
<usingIndex>BY INDEX NAME</usingIndex>
</PrimaryKey>
</primaryKeys>
<uniqueKeys>
<UniqueKey class="oracle.dbtools.crest.model.design.storage.oracle.v10g.UniqueOraclev10g" name="DD_MEMBERS_T_DINO_NAME_UN" id="8B0E2E9C-7043-2F07-98AC-FF20B2D53A32">
<createdBy>bcarter</createdBy>
<createdTime>2015-07-15 22:15:10 UTC</createdTime>
<ownerDesignName>dd_schema_data_model</ownerDesignName>
<schemaObject>929E04B3-5639-4CF1-A7D1-FC63873D31F0</schemaObject>
<segment>06B98E07-31FB-CA79-8820-EE530FC36745</segment>
<tableSpace>6687405F-7C48-BFA1-6E37-51B86C044F93</tableSpace>
<indexSegment>06B98E07-31FB-CA79-8820-EE530FC36745</indexSegment>
<indexSort>SORTED</indexSort>
<usingIndex>BY INDEX NAME</usingIndex>
</UniqueKey>
</uniqueKeys>
</TableProxyOraclev12c>