<?xml version = '1.0' encoding = 'UTF-8'?>
<TableProxyOraclev12c class="oracle.dbtools.crest.model.design.storage.oracle.v12c.TableProxyOraclev12c" name="DD_DEQUEUE_ERRORS_T" directorySegmentName="seg_0" id="90012F40-2124-4A7E-6CD5-74B6650E61E7">
<createdBy>bcarter</createdBy>
<createdTime>2015-07-15 22:14:49 UTC</createdTime>
<ownerDesignName>dd_schema_data_model</ownerDesignName>
<schemaObject>929E04B3-5639-4CF1-A7D1-FC63873D31F0</schemaObject>
<logging>YES</logging>
<partitionedRowMovement>DISABLE</partitionedRowMovement>
<segment>F2E1544E-1E08-6438-55CD-18B51E0D8237</segment>
<tableSpace>6687405F-7C48-BFA1-6E37-51B86C044F93</tableSpace>
<temporaryChanged>false</temporaryChanged>
<accessDriverType>oracle_loader</accessDriverType>
<rejectLimit></rejectLimit>
<inMemory>NO</inMemory>
<columnProxies itemClass="oracle.dbtools.crest.model.design.storage.oracle.v12c.ColumnProxyOraclev12c">
<ColumnProxy name="ID" id="43C62BB6-8C6C-8DA7-5828-FD997E5B6181">
<createdBy>bcarter</createdBy>
<createdTime>2015-07-15 22:14:56 UTC</createdTime>
<ownerDesignName>dd_schema_data_model</ownerDesignName>
<autoIncrementDDL>IDENTITY_CLAUSE</autoIncrementDDL>
</ColumnProxy>
<ColumnProxy name="ERROR_MESSAGE" id="8098E8CA-E974-2B2A-D6F9-BF59FA002F76">
<createdBy>bcarter</createdBy>
<createdTime>2015-07-15 22:14:56 UTC</createdTime>
<ownerDesignName>dd_schema_data_model</ownerDesignName>
</ColumnProxy>
</columnProxies>
</TableProxyOraclev12c>