<?xml version = '1.0' encoding = 'UTF-8'?>
<TableProxyOraclev12c class="oracle.dbtools.crest.model.design.storage.oracle.v12c.TableProxyOraclev12c" name="DD_MESSAGES_T" directorySegmentName="seg_0" id="B8AACC52-5C08-662F-288B-53504751F5A0">
<createdBy>bcarter</createdBy>
<createdTime>2015-07-15 22:14:54 UTC</createdTime>
<ownerDesignName>dd_schema_data_model</ownerDesignName>
<schemaObject>929E04B3-5639-4CF1-A7D1-FC63873D31F0</schemaObject>
<logging>YES</logging>
<partitionedRowMovement>DISABLE</partitionedRowMovement>
<segment>1B841945-88FA-3D64-7622-FEE361086B2D</segment>
<tableSpace>6687405F-7C48-BFA1-6E37-51B86C044F93</tableSpace>
<temporaryChanged>false</temporaryChanged>
<accessDriverType>oracle_loader</accessDriverType>
<rejectLimit></rejectLimit>
<inMemory>NO</inMemory>
<columnProxies itemClass="oracle.dbtools.crest.model.design.storage.oracle.v12c.ColumnProxyOraclev12c">
<ColumnProxy name="SUBJECT" id="1F3D0401-B37F-C9EE-F2B6-AAB5096322B3">
<createdBy>bcarter</createdBy>
<createdTime>2015-07-15 22:15:02 UTC</createdTime>
<ownerDesignName>dd_schema_data_model</ownerDesignName>
</ColumnProxy>
<ColumnProxy name="TO_MEMBER_ID" id="28AAD9E2-6E82-3F96-9A33-D558B30E318F">
<createdBy>bcarter</createdBy>
<createdTime>2015-07-15 22:15:02 UTC</createdTime>
<ownerDesignName>dd_schema_data_model</ownerDesignName>
</ColumnProxy>
<ColumnProxy name="FROM_MEMBER_ID" id="438A73A4-FD4E-51EE-B8DF-C268E866597F">
<createdBy>bcarter</createdBy>
<createdTime>2015-07-15 22:15:02 UTC</createdTime>
<ownerDesignName>dd_schema_data_model</ownerDesignName>
</ColumnProxy>
<ColumnProxy name="MESSAGE_CONTENTS" id="58A531B1-3CBC-1522-3E78-773F53160695">
<createdBy>bcarter</createdBy>
<createdTime>2015-07-15 22:15:03 UTC</createdTime>
<ownerDesignName>dd_schema_data_model</ownerDesignName>
</ColumnProxy>
<ColumnProxy name="CREATED_ON" id="74B904B9-CE35-891A-1B72-FF0C4365632C">
<createdBy>bcarter</createdBy>
<createdTime>2015-07-15 22:15:03 UTC</createdTime>
<ownerDesignName>dd_schema_data_model</ownerDesignName>
</ColumnProxy>
<ColumnProxy name="MESSAGE_ID" id="D6D0DFA5-D6D6-23D1-EEAA-7406DD5C161F">
<createdBy>bcarter</createdBy>
<createdTime>2015-07-15 22:15:02 UTC</createdTime>
<ownerDesignName>dd_schema_data_model</ownerDesignName>
<autoIncrementDDL>IDENTITY_CLAUSE</autoIncrementDDL>
</ColumnProxy>
<ColumnProxy name="CHANGED_ON" id="D84680B4-C8B8-3BA7-349C-EE547E8000E3">
<createdBy>bcarter</createdBy>
<createdTime>2015-07-15 22:15:03 UTC</createdTime>
<ownerDesignName>dd_schema_data_model</ownerDesignName>
</ColumnProxy>
<ColumnProxy name="CREATED_BY" id="DAAC63A4-77F0-ABE7-AEEB-7B8727C9E500">
<createdBy>bcarter</createdBy>
<createdTime>2015-07-15 22:15:03 UTC</createdTime>
<ownerDesignName>dd_schema_data_model</ownerDesignName>
</ColumnProxy>
<ColumnProxy name="CHANGED_BY" id="E9873B94-FE1E-DED3-7350-42F8FEDEC2E3">
<createdBy>bcarter</createdBy>
<createdTime>2015-07-15 22:15:03 UTC</createdTime>
<ownerDesignName>dd_schema_data_model</ownerDesignName>
</ColumnProxy>
</columnProxies>
<indexProxies>
<IndexProxy class="oracle.dbtools.crest.model.design.storage.oracle.v10g.IndexProxyOraclev10g" name="DD_MESSAGES" id="8D680607-792A-E786-007C-2E3F9F3B3FCC">
<createdBy>bcarter</createdBy>
<createdTime>2015-07-15 22:15:08 UTC</createdTime>
<ownerDesignName>dd_schema_data_model</ownerDesignName>
<schemaObject>929E04B3-5639-4CF1-A7D1-FC63873D31F0</schemaObject>
<segment>06B98E07-31FB-CA79-8820-EE530FC36745</segment>
<tableSpace>6687405F-7C48-BFA1-6E37-51B86C044F93</tableSpace>
</IndexProxy>
</indexProxies>
<foreignKeys>
<ForeignKey class="oracle.dbtools.crest.model.design.storage.oracle.v10g.FKProxyOraclev10g" name="FK_DD_MESSAGES_TO" id="C6C64BE3-9438-EE60-C220-46F21417573C">
<createdBy>bcarter</createdBy>
<createdTime>2015-07-15 22:15:23 UTC</createdTime>
<ownerDesignName>dd_schema_data_model</ownerDesignName>
</ForeignKey>
<ForeignKey class="oracle.dbtools.crest.model.design.storage.oracle.v10g.FKProxyOraclev10g" name="FK_DD_MESSAGES_FROM" id="E3EB2ABF-118E-A26F-33E7-8478561A9CD0">
<createdBy>bcarter</createdBy>
<createdTime>2015-07-15 22:15:23 UTC</createdTime>
<ownerDesignName>dd_schema_data_model</ownerDesignName>
</ForeignKey>
</foreignKeys>
<lobStorages>
<LobStorage class="oracle.dbtools.crest.model.design.storage.oracle.v11g.LobStorageOraclev11g" name="SYS_LOB0000101010C00005$$" id="06050207-0153-A451-B081-4EACCFB9C6C0">
<createdBy>bcarter</createdBy>
<createdTime>2015-07-15 22:15:13 UTC</createdTime>
<ownerDesignName>dd_schema_data_model</ownerDesignName>
<cache>NOCACHE</cache>
<chunk>8192</chunk>
<column>MESSAGE_CONTENTS</column>
<compression>NO</compression>
<duplication>KEEP_DUPLICATES</duplication>
<logging>YES</logging>
<tableSpace>6687405F-7C48-BFA1-6E37-51B86C044F93</tableSpace>
<lobStorageType>SECUREFILE</lobStorageType>
</LobStorage>
</lobStorages>
<primaryKeys>
<PrimaryKey class="oracle.dbtools.crest.model.design.storage.oracle.v10g.PKProxyOraclev10g" name="DD_MESSAGES" id="6C969667-77BE-520A-838D-6F9B2E38573F">
<createdBy>bcarter</createdBy>
<createdTime>2015-07-15 22:15:11 UTC</createdTime>
<ownerDesignName>dd_schema_data_model</ownerDesignName>
<segment>06B98E07-31FB-CA79-8820-EE530FC36745</segment>
<tableSpace>6687405F-7C48-BFA1-6E37-51B86C044F93</tableSpace>
<existingIndex>8D680607-792A-E786-007C-2E3F9F3B3FCC</existingIndex>
<indexSegment>06B98E07-31FB-CA79-8820-EE530FC36745</indexSegment>
<indexSort>SORTED</indexSort>
<usingIndex>BY INDEX NAME</usingIndex>
</PrimaryKey>
</primaryKeys>
</TableProxyOraclev12c>