<?xml version = '1.0' encoding = 'UTF-8'?>
<TableProxyOraclev12c class="oracle.dbtools.crest.model.design.storage.oracle.v12c.TableProxyOraclev12c" name="DD_DINOSAURS_T" directorySegmentName="seg_0" id="D4BDD585-C34B-A490-DB5B-C9DF983A22C3">
<createdBy>bcarter</createdBy>
<createdTime>2015-07-15 22:14:50 UTC</createdTime>
<ownerDesignName>dd_schema_data_model</ownerDesignName>
<schemaObject>929E04B3-5639-4CF1-A7D1-FC63873D31F0</schemaObject>
<logging>YES</logging>
<partitionedRowMovement>DISABLE</partitionedRowMovement>
<segment>1B841945-88FA-3D64-7622-FEE361086B2D</segment>
<tableSpace>6687405F-7C48-BFA1-6E37-51B86C044F93</tableSpace>
<temporaryChanged>false</temporaryChanged>
<accessDriverType>oracle_loader</accessDriverType>
<rejectLimit></rejectLimit>
<inMemory>NO</inMemory>
<columnProxies itemClass="oracle.dbtools.crest.model.design.storage.oracle.v12c.ColumnProxyOraclev12c">
<ColumnProxy name="CREATED_BY" id="4A794C51-E73E-0552-5EA4-C03648A66A48">
<createdBy>bcarter</createdBy>
<createdTime>2015-07-15 22:14:57 UTC</createdTime>
<ownerDesignName>dd_schema_data_model</ownerDesignName>
</ColumnProxy>
<ColumnProxy name="CHANGED_ON" id="69B04221-5405-08F4-4942-077F14A4FB79">
<createdBy>bcarter</createdBy>
<createdTime>2015-07-15 22:14:57 UTC</createdTime>
<ownerDesignName>dd_schema_data_model</ownerDesignName>
</ColumnProxy>
<ColumnProxy name="SPECIES_NAME" id="74093351-BC59-6480-967A-64B0A3995C22">
<createdBy>bcarter</createdBy>
<createdTime>2015-07-15 22:14:57 UTC</createdTime>
<ownerDesignName>dd_schema_data_model</ownerDesignName>
</ColumnProxy>
<ColumnProxy name="CREATED_ON" id="77368951-3C72-2529-4652-B6FAADD31EC0">
<createdBy>bcarter</createdBy>
<createdTime>2015-07-15 22:14:57 UTC</createdTime>
<ownerDesignName>dd_schema_data_model</ownerDesignName>
</ColumnProxy>
<ColumnProxy name="DINOSAUR_ID" id="A0DBABBE-F900-1D38-C5B1-8D2BB2813346">
<createdBy>bcarter</createdBy>
<createdTime>2015-07-15 22:14:57 UTC</createdTime>
<ownerDesignName>dd_schema_data_model</ownerDesignName>
<autoIncrementDDL>IDENTITY_CLAUSE</autoIncrementDDL>
</ColumnProxy>
<ColumnProxy name="AVERAGE_LENGTH_IN_FEET" id="B41D64B2-6835-178A-4B1C-DC3A0B4567BF">
<createdBy>bcarter</createdBy>
<createdTime>2015-07-15 22:14:57 UTC</createdTime>
<ownerDesignName>dd_schema_data_model</ownerDesignName>
</ColumnProxy>
<ColumnProxy name="CHANGED_BY" id="D0A4CCCC-5D67-CE45-2E26-3B1794629F26">
<createdBy>bcarter</createdBy>
<createdTime>2015-07-15 22:14:57 UTC</createdTime>
<ownerDesignName>dd_schema_data_model</ownerDesignName>
</ColumnProxy>
<ColumnProxy name="AVERAGE_WEIGHT_IN_TONS" id="ED0A0A71-9D9E-5AC9-71B8-03A46A199704">
<createdBy>bcarter</createdBy>
<createdTime>2015-07-15 22:14:57 UTC</createdTime>
<ownerDesignName>dd_schema_data_model</ownerDesignName>
</ColumnProxy>
</columnProxies>
<indexProxies>
<IndexProxy class="oracle.dbtools.crest.model.design.storage.oracle.v10g.IndexProxyOraclev10g" name="DD_DINOSAURS" id="369809E2-F8DD-2ED5-02E2-B24D13A005BB">
<createdBy>bcarter</createdBy>
<createdTime>2015-07-15 22:15:06 UTC</createdTime>
<ownerDesignName>dd_schema_data_model</ownerDesignName>
<schemaObject>929E04B3-5639-4CF1-A7D1-FC63873D31F0</schemaObject>
<segment>06B98E07-31FB-CA79-8820-EE530FC36745</segment>
<tableSpace>6687405F-7C48-BFA1-6E37-51B86C044F93</tableSpace>
</IndexProxy>
</indexProxies>
<primaryKeys>
<PrimaryKey class="oracle.dbtools.crest.model.design.storage.oracle.v10g.PKProxyOraclev10g" name="DD_DINOSAURS" id="53B47593-ED8F-25D8-B118-3BD8BC20EAF0">
<createdBy>bcarter</createdBy>
<createdTime>2015-07-15 22:15:09 UTC</createdTime>
<ownerDesignName>dd_schema_data_model</ownerDesignName>
<segment>06B98E07-31FB-CA79-8820-EE530FC36745</segment>
<tableSpace>6687405F-7C48-BFA1-6E37-51B86C044F93</tableSpace>
<existingIndex>369809E2-F8DD-2ED5-02E2-B24D13A005BB</existingIndex>
<indexSegment>06B98E07-31FB-CA79-8820-EE530FC36745</indexSegment>
<indexSort>SORTED</indexSort>
<usingIndex>BY INDEX NAME</usingIndex>
</PrimaryKey>
</primaryKeys>
</TableProxyOraclev12c>