<?xml version = '1.0' encoding = 'UTF-8'?>
<SegmentOraclev10g class="oracle.dbtools.crest.model.design.storage.oracle.v10g.SegmentOraclev10g" name="Storage7" directorySegmentName="seg_0" id="06B98E07-31FB-CA79-8820-EE530FC36745">
<createdBy>bcarter</createdBy>
<createdTime>2015-07-15 22:15:06 UTC</createdTime>
<ownerDesignName>dd_schema_data_model</ownerDesignName>
<initrans>2</initrans>
<maxTrans>255</maxTrans>
<scInitialExtent>65536</scInitialExtent>
<scMaxExtents>2147483645</scMaxExtents>
<scNextExtent>1048576</scNextExtent>
</SegmentOraclev10g>