<?xml version = '1.0' encoding = 'UTF-8'?>
<SegmentOraclev10g class="oracle.dbtools.crest.model.design.storage.oracle.v10g.SegmentOraclev10g" name="Storage2" directorySegmentName="seg_0" id="1B841945-88FA-3D64-7622-FEE361086B2D">
<createdBy>bcarter</createdBy>
<createdTime>2015-07-15 22:14:50 UTC</createdTime>
<ownerDesignName>dd_schema_data_model</ownerDesignName>
<maxTrans>255</maxTrans>
<scInitialExtent>65536</scInitialExtent>
<scMaxExtents>2147483645</scMaxExtents>
<scNextExtent>1048576</scNextExtent>
</SegmentOraclev10g>