<?xml version = '1.0' encoding = 'UTF-8'?>
<Table class="oracle.dbtools.crest.model.design.relational.Table" directorySegmentName="seg_0" id="90012F40-2124-4A7E-6CD5-74B6650E61E7" schemaObject="929E04B3-5639-4CF1-A7D1-FC63873D31F0" name="DD_DEQUEUE_ERRORS_T">
<sourceConnName>dd</sourceConnName>
<sourceObjSchema>DD</sourceObjSchema>
<sourceObjName>DD_DEQUEUE_ERRORS_T</sourceObjName>
<createdBy>bcarter</createdBy>
<createdTime>2015-07-15 22:14:49 UTC</createdTime>
<ownerDesignName>dd_schema_data_model</ownerDesignName>
<allowColumnReorder>false</allowColumnReorder>
<existDependencyGenerateInDDl>true</existDependencyGenerateInDDl>
<parsed>true</parsed>
<columns itemClass="oracle.dbtools.crest.model.design.relational.Column">
<Column name="ID" id="43C62BB6-8C6C-8DA7-5828-FD997E5B6181">
<sourceConnName>dd</sourceConnName>
<sourceObjSchema>DD_DEQUEUE_ERRORS_T</sourceObjSchema>
<sourceObjName>ID</sourceObjName>
<createdBy>bcarter</createdBy>
<createdTime>2015-07-15 22:14:56 UTC</createdTime>
<ownerDesignName>dd_schema_data_model</ownerDesignName>
<useDomainConstraints>false</useDomainConstraints>
<use>1</use>
<logicalDatatype>LOGDT019</logicalDatatype>
<dataTypePrecision>*</dataTypePrecision>
<dataTypeScale>0</dataTypeScale>
<ownDataTypeParameters>,*,0</ownDataTypeParameters>
<autoIncrementColumn>true</autoIncrementColumn>
<identityColumn>true</identityColumn>
<autoIncrementGenerateAlways>true</autoIncrementGenerateAlways>
<autoIncrementCycle>false</autoIncrementCycle>
<autoIncrementDisableCache>false</autoIncrementDisableCache>
<autoIncrementCache>20</autoIncrementCache>
<autoIncrementOrder>false</autoIncrementOrder>
</Column>
<Column name="ERROR_MESSAGE" id="8098E8CA-E974-2B2A-D6F9-BF59FA002F76">
<sourceConnName>dd</sourceConnName>
<sourceObjSchema>DD_DEQUEUE_ERRORS_T</sourceObjSchema>
<sourceObjName>ERROR_MESSAGE</sourceObjName>
<createdBy>bcarter</createdBy>
<createdTime>2015-07-15 22:14:56 UTC</createdTime>
<ownerDesignName>dd_schema_data_model</ownerDesignName>
<nullsAllowed>true</nullsAllowed>
<useDomainConstraints>false</useDomainConstraints>
<use>1</use>
<logicalDatatype>LOGDT024</logicalDatatype>
<dataTypeSize>4000 BYTE</dataTypeSize>
<ownDataTypeParameters>4000 BYTE,,</ownDataTypeParameters>
<autoIncrementCycle>false</autoIncrementCycle>
</Column>
</columns>
</Table>