<?xml version = '1.0' encoding = 'UTF-8'?>
<Table class="oracle.dbtools.crest.model.design.relational.Table" directorySegmentName="seg_0" id="B8AACC52-5C08-662F-288B-53504751F5A0" schemaObject="929E04B3-5639-4CF1-A7D1-FC63873D31F0" name="DD_MESSAGES_T">
<sourceConnName>dd</sourceConnName>
<sourceObjSchema>DD</sourceObjSchema>
<sourceObjName>DD_MESSAGES_T</sourceObjName>
<createdBy>bcarter</createdBy>
<createdTime>2015-07-15 22:14:54 UTC</createdTime>
<ownerDesignName>dd_schema_data_model</ownerDesignName>
<allowColumnReorder>false</allowColumnReorder>
<existDependencyGenerateInDDl>true</existDependencyGenerateInDDl>
<parsed>true</parsed>
<columns itemClass="oracle.dbtools.crest.model.design.relational.Column">
<Column name="MESSAGE_ID" id="D6D0DFA5-D6D6-23D1-EEAA-7406DD5C161F">
<sourceConnName>dd</sourceConnName>
<sourceObjSchema>DD_MESSAGES_T</sourceObjSchema>
<sourceObjName>MESSAGE_ID</sourceObjName>
<createdBy>bcarter</createdBy>
<createdTime>2015-07-15 22:15:02 UTC</createdTime>
<ownerDesignName>dd_schema_data_model</ownerDesignName>
<useDomainConstraints>false</useDomainConstraints>
<use>1</use>
<logicalDatatype>LOGDT019</logicalDatatype>
<dataTypePrecision>*</dataTypePrecision>
<dataTypeScale>0</dataTypeScale>
<ownDataTypeParameters>,*,0</ownDataTypeParameters>
<autoIncrementColumn>true</autoIncrementColumn>
<identityColumn>true</identityColumn>
<autoIncrementGenerateAlways>true</autoIncrementGenerateAlways>
<autoIncrementCycle>false</autoIncrementCycle>
<autoIncrementDisableCache>false</autoIncrementDisableCache>
<autoIncrementCache>20</autoIncrementCache>
<autoIncrementOrder>false</autoIncrementOrder>
</Column>
<Column name="FROM_MEMBER_ID" id="438A73A4-FD4E-51EE-B8DF-C268E866597F">
<sourceConnName>dd</sourceConnName>
<sourceObjSchema>DD_MESSAGES_T</sourceObjSchema>
<sourceObjName>FROM_MEMBER_ID</sourceObjName>
<createdBy>bcarter</createdBy>
<createdTime>2015-07-15 22:15:02 UTC</createdTime>
<ownerDesignName>dd_schema_data_model</ownerDesignName>
<useDomainConstraints>false</useDomainConstraints>
<use>1</use>
<logicalDatatype>LOGDT019</logicalDatatype>
<dataTypePrecision>*</dataTypePrecision>
<dataTypeScale>0</dataTypeScale>
<ownDataTypeParameters>,*,0</ownDataTypeParameters>
<autoIncrementCycle>false</autoIncrementCycle>
<associations>
<colAssociation fkAssociation="9484E3C0-96AF-7E1A-45E6-060D2C6421A4" referredColumn="8F32494F-8E23-79DE-D8E1-401631F4E7F6"/>
</associations>
</Column>
<Column name="TO_MEMBER_ID" id="28AAD9E2-6E82-3F96-9A33-D558B30E318F">
<sourceConnName>dd</sourceConnName>
<sourceObjSchema>DD_MESSAGES_T</sourceObjSchema>
<sourceObjName>TO_MEMBER_ID</sourceObjName>
<createdBy>bcarter</createdBy>
<createdTime>2015-07-15 22:15:02 UTC</createdTime>
<ownerDesignName>dd_schema_data_model</ownerDesignName>
<useDomainConstraints>false</useDomainConstraints>
<use>1</use>
<logicalDatatype>LOGDT019</logicalDatatype>
<dataTypePrecision>*</dataTypePrecision>
<dataTypeScale>0</dataTypeScale>
<ownDataTypeParameters>,*,0</ownDataTypeParameters>
<autoIncrementCycle>false</autoIncrementCycle>
<associations>
<colAssociation fkAssociation="A5933E41-3FA3-51AA-4013-5621B382E4E4" referredColumn="8F32494F-8E23-79DE-D8E1-401631F4E7F6"/>
</associations>
</Column>
<Column name="SUBJECT" id="1F3D0401-B37F-C9EE-F2B6-AAB5096322B3">
<sourceConnName>dd</sourceConnName>
<sourceObjSchema>DD_MESSAGES_T</sourceObjSchema>
<sourceObjName>SUBJECT</sourceObjName>
<createdBy>bcarter</createdBy>
<createdTime>2015-07-15 22:15:02 UTC</createdTime>
<ownerDesignName>dd_schema_data_model</ownerDesignName>
<nullsAllowed>true</nullsAllowed>
<useDomainConstraints>false</useDomainConstraints>
<use>1</use>
<logicalDatatype>LOGDT024</logicalDatatype>
<dataTypeSize>1000 BYTE</dataTypeSize>
<ownDataTypeParameters>1000 BYTE,,</ownDataTypeParameters>
<autoIncrementCycle>false</autoIncrementCycle>
</Column>
<Column name="MESSAGE_CONTENTS" id="58A531B1-3CBC-1522-3E78-773F53160695">
<sourceConnName>dd</sourceConnName>
<sourceObjSchema>DD_MESSAGES_T</sourceObjSchema>
<sourceObjName>MESSAGE_CONTENTS</sourceObjName>
<createdBy>bcarter</createdBy>
<createdTime>2015-07-15 22:15:03 UTC</createdTime>
<ownerDesignName>dd_schema_data_model</ownerDesignName>
<nullsAllowed>true</nullsAllowed>
<useDomainConstraints>false</useDomainConstraints>
<use>1</use>
<logicalDatatype>LOGDT028</logicalDatatype>
<dataTypeSize>4000</dataTypeSize>
<ownDataTypeParameters>4000,,</ownDataTypeParameters>
<autoIncrementCycle>false</autoIncrementCycle>
</Column>
<Column name="CREATED_BY" id="DAAC63A4-77F0-ABE7-AEEB-7B8727C9E500">
<sourceConnName>dd</sourceConnName>
<sourceObjSchema>DD_MESSAGES_T</sourceObjSchema>
<sourceObjName>CREATED_BY</sourceObjName>
<createdBy>bcarter</createdBy>
<createdTime>2015-07-15 22:15:03 UTC</createdTime>
<ownerDesignName>dd_schema_data_model</ownerDesignName>
<useDomainConstraints>false</useDomainConstraints>
<use>1</use>
<logicalDatatype>LOGDT024</logicalDatatype>
<dataTypeSize>132 BYTE</dataTypeSize>
<ownDataTypeParameters>132 BYTE,,</ownDataTypeParameters>
<autoIncrementCycle>false</autoIncrementCycle>
</Column>
<Column name="CHANGED_BY" id="E9873B94-FE1E-DED3-7350-42F8FEDEC2E3">
<sourceConnName>dd</sourceConnName>
<sourceObjSchema>DD_MESSAGES_T</sourceObjSchema>
<sourceObjName>CHANGED_BY</sourceObjName>
<createdBy>bcarter</createdBy>
<createdTime>2015-07-15 22:15:03 UTC</createdTime>
<ownerDesignName>dd_schema_data_model</ownerDesignName>
<useDomainConstraints>false</useDomainConstraints>
<use>1</use>
<logicalDatatype>LOGDT024</logicalDatatype>
<dataTypeSize>132 BYTE</dataTypeSize>
<ownDataTypeParameters>132 BYTE,,</ownDataTypeParameters>
<autoIncrementCycle>false</autoIncrementCycle>
</Column>
<Column name="CREATED_ON" id="74B904B9-CE35-891A-1B72-FF0C4365632C">
<sourceConnName>dd</sourceConnName>
<sourceObjSchema>DD_MESSAGES_T</sourceObjSchema>
<sourceObjName>CREATED_ON</sourceObjName>
<createdBy>bcarter</createdBy>
<createdTime>2015-07-15 22:15:03 UTC</createdTime>
<ownerDesignName>dd_schema_data_model</ownerDesignName>
<useDomainConstraints>false</useDomainConstraints>
<use>1</use>
<logicalDatatype>LOGDT007</logicalDatatype>
<dataTypeSize>7</dataTypeSize>
<ownDataTypeParameters>7,,</ownDataTypeParameters>
<autoIncrementCycle>false</autoIncrementCycle>
</Column>
<Column name="CHANGED_ON" id="D84680B4-C8B8-3BA7-349C-EE547E8000E3">
<sourceConnName>dd</sourceConnName>
<sourceObjSchema>DD_MESSAGES_T</sourceObjSchema>
<sourceObjName>CHANGED_ON</sourceObjName>
<createdBy>bcarter</createdBy>
<createdTime>2015-07-15 22:15:03 UTC</createdTime>
<ownerDesignName>dd_schema_data_model</ownerDesignName>
<useDomainConstraints>false</useDomainConstraints>
<use>1</use>
<logicalDatatype>LOGDT007</logicalDatatype>
<dataTypeSize>7</dataTypeSize>
<ownDataTypeParameters>7,,</ownDataTypeParameters>
<autoIncrementCycle>false</autoIncrementCycle>
</Column>
</columns>
<indexes itemClass="oracle.dbtools.crest.model.design.relational.Index">
<ind_PK_UK id="6C969667-77BE-520A-838D-6F9B2E38573F" name="DD_MESSAGES">
<sourceConnName>dd</sourceConnName>
<sourceObjSchema>DD</sourceObjSchema>
<sourceObjName>DD_MESSAGES</sourceObjName>
<createdBy>bcarter</createdBy>
<createdTime>2015-07-15 22:15:11 UTC</createdTime>
<ownerDesignName>dd_schema_data_model</ownerDesignName>
<pk>true</pk>
<indexState>Primary Constraint</indexState>
<isSurrogateKey>false</isSurrogateKey>
<indexColumnUsage>
<colUsage columnID="D6D0DFA5-D6D6-23D1-EEAA-7406DD5C161F"/>
</indexColumnUsage>
</ind_PK_UK>
<ind_PK_UK id="8D680607-792A-E786-007C-2E3F9F3B3FCC" schemaObject="929E04B3-5639-4CF1-A7D1-FC63873D31F0" name="DD_MESSAGES">
<sourceConnName>dd</sourceConnName>
<sourceObjSchema>DD</sourceObjSchema>
<sourceObjName>DD_MESSAGES</sourceObjName>
<createdBy>bcarter</createdBy>
<createdTime>2015-07-15 22:15:08 UTC</createdTime>
<ownerDesignName>dd_schema_data_model</ownerDesignName>
<indexState>Unique Plain Index</indexState>
<isSurrogateKey>false</isSurrogateKey>
<indexColumnUsage>
<colUsage columnID="D6D0DFA5-D6D6-23D1-EEAA-7406DD5C161F"/>
</indexColumnUsage>
</ind_PK_UK>
<ind_PK_UK id="E3EB2ABF-118E-A26F-33E7-8478561A9CD0" name="FK_DD_MESSAGES_FROM">
<createdBy>bcarter</createdBy>
<createdTime>2015-07-15 22:15:23 UTC</createdTime>
<ownerDesignName>dd_schema_data_model</ownerDesignName>
<indexState>Foreign Key</indexState>
<isSurrogateKey>false</isSurrogateKey>
<indexColumnUsage>
<colUsage columnID="438A73A4-FD4E-51EE-B8DF-C268E866597F"/>
</indexColumnUsage>
</ind_PK_UK>
<ind_PK_UK id="C6C64BE3-9438-EE60-C220-46F21417573C" name="FK_DD_MESSAGES_TO">
<createdBy>bcarter</createdBy>
<createdTime>2015-07-15 22:15:23 UTC</createdTime>
<ownerDesignName>dd_schema_data_model</ownerDesignName>
<indexState>Foreign Key</indexState>
<isSurrogateKey>false</isSurrogateKey>
<indexColumnUsage>
<colUsage columnID="28AAD9E2-6E82-3F96-9A33-D558B30E318F"/>
</indexColumnUsage>
</ind_PK_UK>
</indexes>
</Table>