<?xml version = '1.0' encoding = 'UTF-8'?>
<StructuredTypeProxyOraclev10g class="oracle.dbtools.crest.model.design.storage.oracle.v10g.StructuredTypeProxyOraclev10g" name="DD_USER_PAYMENT_TYPE" directorySegmentName="seg_0" id="5D2AD2B3-8E63-03E9-BE27-65F4FAB77C64">
<sourceConnName>dd</sourceConnName>
<sourceObjSchema>DD_NON_EBR</sourceObjSchema>
<sourceObjName>DD_USER_PAYMENT_TYPE</sourceObjName>
<createdBy>bcarter</createdBy>
<createdTime>2015-07-15 22:14:47 UTC</createdTime>
<ownerDesignName>dd_schema_data_model</ownerDesignName>
<owner>29519916-7FAF-6F55-C166-B24A57969CD3</owner>
<attributes itemClass="oracle.dbtools.crest.model.design.storage.oracle.v9i.TypeElementProxyOraclev9i">
<Attribute name="DINO_NAME" id="46BEA22B-FD91-300D-66B5-3EFB0AC13EB4">
<createdBy>bcarter</createdBy>
<createdTime>2015-07-15 22:14:47 UTC</createdTime>
<ownerDesignName>dd_schema_data_model</ownerDesignName>
</Attribute>
<Attribute name="MEMBER_ID" id="6102CEF5-160A-1C54-F89D-B94CF2C9C422">
<createdBy>bcarter</createdBy>
<createdTime>2015-07-15 22:14:47 UTC</createdTime>
<ownerDesignName>dd_schema_data_model</ownerDesignName>
</Attribute>
<Attribute name="AMOUNT" id="A997FD52-C3E4-E786-4976-1FDEBC9FB183">
<createdBy>bcarter</createdBy>
<createdTime>2015-07-15 22:14:47 UTC</createdTime>
<ownerDesignName>dd_schema_data_model</ownerDesignName>
</Attribute>
<Attribute name="CARD_NUMBER" id="E778878A-B396-7BAC-9068-586901AE12BB">
<createdBy>bcarter</createdBy>
<createdTime>2015-07-15 22:14:47 UTC</createdTime>
<ownerDesignName>dd_schema_data_model</ownerDesignName>
</Attribute>
</attributes>
</StructuredTypeProxyOraclev10g>