<?xml version = '1.0' encoding = 'UTF-8'?>
<TriggerOraclev10g class="oracle.dbtools.crest.model.design.storage.oracle.v10g.TriggerOraclev10g" name="DD_DINOSAURS_BIR" directorySegmentName="seg_0" id="2326136F-5332-5CCC-ED81-FE07648D43D0">
<sourceConnName>dd</sourceConnName>
<sourceObjSchema>DD</sourceObjSchema>
<sourceObjName>DD_DINOSAURS_BIR</sourceObjName>
<createdBy>bcarter</createdBy>
<createdTime>2015-07-15 22:15:15 UTC</createdTime>
<ownerDesignName>dd_schema_data_model</ownerDesignName>
<actions>INSERT</actions>
<body>DECLARE&lt;br/&gt;  BEGIN&lt;br/&gt;    :new.created_on := SYSDATE;&lt;br/&gt;    :new.created_by := USER;&lt;br/&gt;    :new.changed_on := SYSDATE;&lt;br/&gt;    :new.changed_by := USER;&lt;br/&gt;  END dd_dinosaurs_bir;</body>
<triggerTime>BEFORE</triggerTime>
<owner>29F77958-DE9B-AAEB-4F89-771962185EA5</owner>
<view>EE388570-08BB-E1D0-1382-89BF22060AE1</view>
</TriggerOraclev10g>