<?xml version = '1.0' encoding = 'UTF-8'?>
<TriggerOraclev10g class="oracle.dbtools.crest.model.design.storage.oracle.v10g.TriggerOraclev10g" name="DD_DINOSAURS_BUR" directorySegmentName="seg_0" id="2E2080B9-113B-C5F3-AD0D-BBA2CB3A1E68">
<sourceConnName>dd</sourceConnName>
<sourceObjSchema>DD</sourceObjSchema>
<sourceObjName>DD_DINOSAURS_BUR</sourceObjName>
<createdBy>bcarter</createdBy>
<createdTime>2015-07-15 22:15:15 UTC</createdTime>
<ownerDesignName>dd_schema_data_model</ownerDesignName>
<actions>UPDATE</actions>
<body>DECLARE&lt;br/&gt;  BEGIN&lt;br/&gt;    :new.changed_on := SYSDATE;&lt;br/&gt;    :new.changed_by := USER;&lt;br/&gt;  END dd_dinosaurs_bur;</body>
<triggerTime>BEFORE</triggerTime>
<owner>29F77958-DE9B-AAEB-4F89-771962185EA5</owner>
<view>EE388570-08BB-E1D0-1382-89BF22060AE1</view>
</TriggerOraclev10g>