<?xml version = '1.0' encoding = 'UTF-8'?>
<TriggerOraclev10g class="oracle.dbtools.crest.model.design.storage.oracle.v10g.TriggerOraclev10g" name="DD_TEMPLATES_BIR" directorySegmentName="seg_0" id="9754DE36-4560-488B-6B2E-667341DC6CDF">
<sourceConnName>dd</sourceConnName>
<sourceObjSchema>DD</sourceObjSchema>
<sourceObjName>DD_TEMPLATES_BIR</sourceObjName>
<createdBy>bcarter</createdBy>
<createdTime>2015-07-15 22:15:17 UTC</createdTime>
<ownerDesignName>dd_schema_data_model</ownerDesignName>
<actions>INSERT</actions>
<body>DECLARE&lt;br/&gt;  BEGIN&lt;br/&gt;    :new.created_on := SYSDATE;&lt;br/&gt;    :new.created_by := USER;&lt;br/&gt;    :new.changed_on := SYSDATE;&lt;br/&gt;    :new.changed_by := USER;&lt;br/&gt;  END dd_templates_bir;</body>
<triggerTime>BEFORE</triggerTime>
<owner>29F77958-DE9B-AAEB-4F89-771962185EA5</owner>
<view>92DC2D72-8FEF-8FFD-343F-5A717670704A</view>
</TriggerOraclev10g>