<?xml version = '1.0' encoding = 'UTF-8'?>
<TriggerOraclev10g class="oracle.dbtools.crest.model.design.storage.oracle.v10g.TriggerOraclev10g" name="DD_MESSAGES_BIR" directorySegmentName="seg_0" id="C6B2546F-774F-6F49-7E79-CB6D8656D218">
<sourceConnName>dd</sourceConnName>
<sourceObjSchema>DD</sourceObjSchema>
<sourceObjName>DD_MESSAGES_BIR</sourceObjName>
<createdBy>bcarter</createdBy>
<createdTime>2015-07-15 22:15:16 UTC</createdTime>
<ownerDesignName>dd_schema_data_model</ownerDesignName>
<actions>INSERT</actions>
<body>DECLARE&lt;br/&gt;  BEGIN&lt;br/&gt;    :new.created_on := SYSDATE;&lt;br/&gt;    :new.created_by := USER;&lt;br/&gt;    :new.changed_on := SYSDATE;&lt;br/&gt;    :new.changed_by := USER;&lt;br/&gt;  END dd_messages_bir;</body>
<triggerTime>BEFORE</triggerTime>
<owner>29F77958-DE9B-AAEB-4F89-771962185EA5</owner>
<view>E5B44BE3-E893-4BA6-B1B1-B8BABC72C35F</view>
</TriggerOraclev10g>