<?xml version = '1.0' encoding = 'UTF-8'?>
<relationalModel class="oracle.dbtools.crest.model.design.relational.RelationalDesign" name="dd" id="AAE8C2C1-9229-58A7-831B-30D5CA609848" mainViewID="39B2FDFC-8663-E766-0367-9BB80B61E09D">
<createdBy>bcarter</createdBy>
<createdTime>2015-07-15 22:14:47 UTC</createdTime>
<ownerDesignName>dd_schema_data_model</ownerDesignName>
<shouldBeOpen>false</shouldBeOpen>
<selectedRDBMSSite>3FD120B5-9F4E-6278-D5E2-746D192C8319</selectedRDBMSSite>
<importConnectionStamps>
<importConnectionStamp class="oracle.dbtools.crest.imports.DBConnectionStamp">
<connName>dd</connName>
<connUrl>jdbc:oracle:thin:@localhost:1521/pdb1.odevangelist.oraclecloud.internal</connUrl>
<connUser>dd</connUser>
<connType>1</connType>
</importConnectionStamp>
</importConnectionStamps>
</relationalModel>